Name,Rating,Reviews,Price
Hibiki Harmony,"4


(60 Reviews)",(60 Reviews),£76.95
Yamazaki 12 Year Old,"4.5


(94 Reviews)",(94 Reviews),£150
Nikka Coffey Grain Whisky,"4.5


(52 Reviews)",(52 Reviews),£57.95
Yamazaki Distiller's Reserve,"4.5


(54 Reviews)",(54 Reviews),£72.95
"Shizuoka Contact S Single Malt
3 Year Old",No Rating,No Review,£175
Ichiro's Malt Double Distilleries 2021,"2


(1 Review)",(1 Review),£299
Yamazaki 18 Year Old,"5


(39 Reviews)",(39 Reviews),£950
Yoichi Single Malt,"4.5


(10 Reviews)",(10 Reviews),£77.75
Hatozaki 12 Year Old Umeshu Finish,No Rating,No Review,£68.95
Hakushu Distiller's Reserve,"4.5


(28 Reviews)",(28 Reviews),£70.95
The Chita Whisky,"4.5


(42 Reviews)",(42 Reviews),£51.95
Shinju 8 Year Old Japanese Whisky,No Rating,No Review,£59.75
Suntory Toki,"4


(34 Reviews)",(34 Reviews),£33.95
Hakushu 12 Year Old,"4.5


(32 Reviews)",(32 Reviews),£185
Mars Komagatake 2015 First Fill Bourbon Single Cask,No Rating,No Review,£250
Miyagikyo Single Malt,"4.5


(10 Reviews)",(10 Reviews),£78.45
Shinju Japanese Whisky,No Rating,No Review,£37.45
Shirakawa 1958,"5


(1 Review)",(1 Review),"£25,000"
Kaiyo Mizunara Oak Cask Strength,"5


(3 Reviews)",(3 Reviews),£110
Akashi Single Malt Whisky,"5


(2 Reviews)",(2 Reviews),£66.75
Kaiyo Mizunara Oak,"5


(2 Reviews)",(2 Reviews),£82.95
"Shizuoka Single Malt Prologue K and Prologue W
2x20cl",No Rating,No Review,£199
Hakushu 18 Year Old,"4.5


(9 Reviews)",(9 Reviews),£725
"Mars Komatgatake Edition
Bot.2021",No Rating,No Review,£145
"Matsui Sakura
Kurayoshi Distillery",No Rating,No Review,£125
"The House of Suntory Triology Pack
3x20cl",No Rating,No Review,£44.95
"Karuizawa 38 Year Old Cask #7582
Ruby Geisha",No Rating,No Review,"£37,500"
Kaiyo Peated Mizunara Oak,No Rating,No Review,£99.95
"Yamazaki Mizunara 18 Year Old
2017 Edition",No Rating,No Review,"£10,000"
"Akashi 5 Year Old
Sherry Cask Half Litre","5


(2 Reviews)",(2 Reviews),£150
"Karuizawa 29 Year Old
Aika Geisha Bourbon Cask #8897",No Rating,No Review,"£27,500"
Hakushu 10 Year Old,"5


(1 Review)",(1 Review),£500
"Yoichi 1988
Cask 100212",No Rating,No Review,"£8,000"
"Karuizawa 34 Year Old Cask #3668
Ruby Geisha",No Rating,No Review,"£28,000"
"Yamazaki Mizunara
Bot.2011",No Rating,No Review,"£7,500"
"Karuizawa 31 Year Old
Sapphire Geisha",No Rating,No Review,"£27,500"
"Ichiro's Malt & Grain
Japanese Blended Whisky 2019",No Rating,No Review,"£2,750"
"Ichiro's Malt & Grain
Japanese Blended Whisky 2021",No Rating,No Review,"£2,250"
"Karuizawa 38 Year Old
Pearl Geisha",No Rating,No Review,"£37,500"
"Akashi 5 Year Old
Red Wine Cask",No Rating,No Review,£142
"Karuizawa 1970
Cask 1985",No Rating,No Review,"£30,000"
Suntory Torys Classic,"3.5


(2 Reviews)",(2 Reviews),£30.45
"Karuizawa 1984
Bot.2014 Sherry Cask #3657",No Rating,No Review,"£15,000"
"Karuizawa 1983
Bot.2014 Sherry Cask","5


(2 Reviews)",(2 Reviews),"£15,000"
"Karuizawa 1981
Bot.2014 Sherry Cask",No Rating,No Review,"£15,000"
"Karuizawa 1984
29 Years Old Sherry Cask #3662",No Rating,No Review,"£15,000"
"Karuizawa 30 Year Old
First Geisha Bourbon Cask #8606",No Rating,No Review,"£18,000"
"Karuizawa 1984
Bot.2013 Sherry Cask #3663","5


(1 Review)",(1 Review),"£15,000"
"Karuizawa 1981
Sherry Cask #6056",No Rating,No Review,"£17,500"
"Karuizawa 1981
Cask #103",No Rating,No Review,"£15,000"
